{
  "ThreeGeneration_MediumEven_Base": {
    "V_root": -0.13323727504574362,
    "V_stop_root": -0.2289814732799998,
    "L_adp": -0.14116781017223962,
    "ratio2_adp": 0.08283045106391149,
    "theta": [
      0.0,
      0.0,
      0.0,
      0.0,
      0.0,
      0.0,
      0.0,
      0.0,
      0.0,
      0.0,
      0.0,
      0.0,
      0.0,
      0.0,
      0.0,
      0.0
    ]
  },
  "ThreeGeneration_MediumEven_Aggressive": {
    "V_root": -0.14215285195761657,
    "V_stop_root": -0.33950859263999966,
    "L_adp": -0.1505094202190716,
    "ratio2_adp": 0.04234266625617838,
    "theta": [
      0.0,
      0.0,
      0.0,
      0.0,
      0.0,
      0.0,
      0.0,
      0.0,
      0.0,
      0.0,
      0.0,
      0.0,
      0.0,
      0.0,
      0.0,
      0.0
    ]
  }
}