{
  "ThreeGeneration_LowHigh_Base": {
    "V_root": -0.13723077601716632,
    "V_stop_root": -0.21796216343999997,
    "L_adp": -0.1461370908395695,
    "ratio2_adp": 0.11032034883478488,
    "theta": [
      0.0,
      -0.010714351477226191,
      -0.23323956894874137,
      0.0,
      4.414724177140209,
      0.1116238138404268,
      -0.01759136894598312,
      -0.016572347834273922,
      0.13956833149979403,
      -0.0,
      0.00565936462801229,
      0.0,
      -0.48260856541218916,
      0.04196739503860513,
      -0.010054160987147752,
      0.0
    ],
    "solver": "HiGHS (scipy)"
  },
  "ThreeGeneration_LowHigh_Aggressive": {
    "V_root": -0.1463819366034836,
    "V_stop_root": -0.32034299471999994,
    "L_adp": -0.15539401326769553,
    "ratio2_adp": 0.05180513824062738,
    "theta": [
      0.0,
      0.0,
      -0.09052855626022417,
      0.0,
      3.5265449484314493,
      -0.18594366891022404,
      -0.008489912874645178,
      -0.030849979404043416,
      0.09000653420675356,
      -0.0,
      0.0006432250477530032,
      0.0,
      -0.875056150531334,
      0.04673459676662111,
      -0.010125386065570586,
      0.0
    ],
    "solver": "HiGHS (scipy)"
  },
  "ThreeGeneration_MediumEven_Base": {
    "V_root": -0.13323727504574362,
    "V_stop_root": -0.2289814732799998,
    "L_adp": -0.14273907282388126,
    "ratio2_adp": 0.09924149925920013,
    "theta": [
      0.0,
      -0.026416422289167886,
      -0.06015203779454062,
      0.0,
      1.2376916013769397,
      -0.10412279593499944,
      -0.011066208531628426,
      -0.018764452458365805,
      0.15152961826602793,
      -0.0,
      -0.012995471049173427,
      0.0,
      -0.18867310477060759,
      0.049533692662844415,
      -0.011206139010005767,
      0.0
    ],
    "solver": "HiGHS (scipy)"
  },
  "ThreeGeneration_MediumEven_Aggressive": {
    "V_root": -0.14215285195761657,
    "V_stop_root": -0.33950859263999966,
    "L_adp": -0.1518053983364836,
    "ratio2_adp": 0.04890937727725629,
    "theta": [
      0.0,
      -0.009770780686610856,
      -0.04324440678363918,
      0.0,
      1.6463666233833236,
      -0.24156548423283195,
      -0.00789954665099045,
      -0.03285638994938374,
      0.16666928676444545,
      -0.0,
      -0.011382030723523237,
      0.0,
      -0.40274732525075196,
      0.03197443383212407,
      -0.008722463399625818,
      0.0
    ],
    "solver": "HiGHS (scipy)"
  },
  "Extended_LowHigh_Base": {
    "V_root": -0.1667715766089439,
    "V_stop_root": -0.28023706728000003,
    "L_adp": -0.18050430947428125,
    "ratio2_adp": 0.12103003991891635,
    "theta": [
      0.0,
      -0.005989959239592263,
      -0.06503177789069818,
      -0.0054807720370836175,
      3.96724043462288,
      -0.06827308285124532,
      -8.615593635345059e-05,
      -0.03307936824008058,
      0.14379180027539418,
      -0.0,
      0.0009760683114288082,
      -0.04340188607862779,
      -1.0390510410721818,
      0.014583826437580287,
      -0.003724217644141861,
      -0.0
    ],
    "solver": "HiGHS (scipy)"
  },
  "Extended_LowHigh_Aggressive": {
    "V_root": -0.17881383262488937,
    "V_stop_root": -0.4118695646400001,
    "L_adp": -0.19316686453944698,
    "ratio2_adp": 0.061586264325938146,
    "theta": [
      0.0,
      -0.006138718018348405,
      -0.055468402381011396,
      0.000852249248611754,
      2.8895642169515696,
      -0.12814006324746555,
      -0.0030770222954024096,
      -0.034689495045203966,
      0.14562628726953258,
      -0.0,
      -0.005409626124131954,
      -0.055779511861298814,
      -0.7354768654045298,
      0.020806827670308222,
      -0.0036602378254234373,
      -0.0
    ],
    "solver": "HiGHS (scipy)"
  },
  "Extended_MediumEven_Base": {
    "V_root": -0.16196119423815633,
    "V_stop_root": -0.29440475136,
    "L_adp": -0.1739779129634735,
    "ratio2_adp": 0.0907308666911007,
    "theta": [
      0.0,
      -0.013757324270703659,
      -0.051622866531056646,
      0.00014999011377203844,
      5.750928151550071,
      -0.05810424440624893,
      -0.008840226975420494,
      -0.021749748590553657,
      0.13446000495523175,
      -0.0,
      -0.0021874440877355443,
      -0.03667908148497804,
      -1.4741535096713931,
      0.01899875917483653,
      -0.006257246656248074,
      -0.0
    ],
    "solver": "HiGHS (scipy)"
  },
  "Extended_MediumEven_Aggressive": {
    "V_root": -0.17379946776393104,
    "V_stop_root": -0.43651104767999993,
    "L_adp": -0.1881175094106835,
    "ratio2_adp": 0.05450099173902723,
    "theta": [
      0.0,
      0.0,
      -0.031153871909199864,
      0.00610729980703103,
      4.264074086933333,
      -0.15131347163122869,
      -0.015256016415726204,
      -0.021781820736465635,
      0.17893757227154278,
      -0.0,
      -0.008548563728538931,
      -0.04972905925411413,
      -1.0555464232078116,
      0.028873657934408888,
      -0.006212162847808164,
      -0.0
    ],
    "solver": "HiGHS (scipy)"
  }
}