{
  "ThreeGeneration_LowHigh_Base": {
    "V_root": -0.13723077601716632,
    "V_stop_root": -0.21796216343999997,
    "L_adp": -0.1461370908395695,
    "ratio2_adp": 0.11032034883478488,
    "theta": [
      -0.48260856541218483,
      -0.010714351477226191,
      -0.23323956894874165,
      0.0,
      4.414724177140192,
      0.11162381384042781,
      -0.01759136894598312,
      -0.016572347834273922,
      0.13956833149979386,
      0.0,
      0.0056593646280123115,
      0.0,
      0.0,
      0.041967395038605165,
      -0.010054160987147754,
      0.0
    ]
  },
  "ThreeGeneration_LowHigh_Aggressive": {
    "V_root": -0.1463819366034836,
    "V_stop_root": -0.32034299471999994,
    "L_adp": -0.15539401326769553,
    "ratio2_adp": 0.05180513824062738,
    "theta": [
      -0.8750561505313348,
      0.0,
      -0.09052855626022378,
      0.0,
      3.5265449484314453,
      -0.18594366891022399,
      -0.008489912874645162,
      -0.03084997940404343,
      0.09000653420675357,
      0.0,
      0.0006432250477530098,
      0.0,
      0.0,
      0.0467345967666211,
      -0.010125386065570586,
      0.0
    ]
  },
  "ThreeGeneration_MediumEven_Base": {
    "V_root": -0.13323727504574362,
    "V_stop_root": -0.2289814732799998,
    "L_adp": -0.14273907282388126,
    "ratio2_adp": 0.09924149925920013,
    "theta": [
      -0.1886731047706061,
      -0.02641642228916794,
      -0.06015203779454073,
      0.0,
      1.2376916013769346,
      -0.10412279593499936,
      -0.011066208531628404,
      -0.018764452458365832,
      0.15152961826602787,
      0.0,
      -0.012995471049173424,
      0.0,
      0.0,
      0.0495336926628444,
      -0.011206139010005762,
      0.0
    ]
  },
  "ThreeGeneration_MediumEven_Aggressive": {
    "V_root": -0.14215285195761657,
    "V_stop_root": -0.33950859263999966,
    "L_adp": -0.1518053983364836,
    "ratio2_adp": 0.04890937727725629,
    "theta": [
      -0.4027473252507534,
      -0.009770780686610862,
      -0.04324440678363907,
      0.0,
      1.6463666233833278,
      -0.24156548423283206,
      -0.007899546650990451,
      -0.032856389949383745,
      0.16666928676444545,
      0.0,
      -0.011382030723523229,
      0.0,
      0.0,
      0.031974433832124144,
      -0.00872246339962582,
      0.0
    ]
  },
  "Extended_LowHigh_Base": {
    "V_root": -0.1667715766089439,
    "V_stop_root": -0.28023706728000003,
    "L_adp": -0.18050430947428125,
    "ratio2_adp": 0.12103003991891635,
    "theta": [
      0.0,
      -0.005989959239592257,
      -0.06503177789069822,
      -0.005480772037083599,
      3.967240434622868,
      -0.06827308285124566,
      -8.61559363534279e-05,
      -0.0330793682400806,
      0.14379180027539412,
      0.0,
      0.0009760683114287439,
      -0.04340188607862786,
      -1.0390510410721785,
      0.01458382643758031,
      -0.003724217644141842,
      0.0
    ]
  },
  "Extended_LowHigh_Aggressive": {
    "V_root": -0.17881383262488937,
    "V_stop_root": -0.4118695646400001,
    "L_adp": -0.19316686453944698,
    "ratio2_adp": 0.061586264325938146,
    "theta": [
      0.0,
      -0.006138718018348433,
      -0.05546840238101138,
      0.0008522492486117399,
      2.8895642169515767,
      -0.1281400632474657,
      -0.003077022295402424,
      -0.03468949504520395,
      0.1456262872695325,
      0.0,
      -0.005409626124131926,
      -0.055779511861298814,
      -0.7354768654045312,
      0.020806827670308357,
      -0.0036602378254234416,
      0.0
    ]
  },
  "Extended_MediumEven_Base": {
    "V_root": -0.16196119423815633,
    "V_stop_root": -0.29440475136,
    "L_adp": -0.1739779129634735,
    "ratio2_adp": 0.0907308666911007,
    "theta": [
      0.0,
      -0.013757324270703666,
      -0.05162286653105665,
      0.00014999011377203356,
      5.750928151550063,
      -0.05810424440624871,
      -0.008840226975420477,
      -0.021749748590553675,
      0.13446000495523172,
      0.0,
      -0.002187444087735558,
      -0.036679081484978074,
      -1.4741535096713914,
      0.018998759174836562,
      -0.006257246656248074,
      0.0
    ]
  },
  "Extended_MediumEven_Aggressive": {
    "V_root": -0.17379946776393104,
    "V_stop_root": -0.43651104767999993,
    "L_adp": -0.1881175094106835,
    "ratio2_adp": 0.05450099173902723,
    "theta": [
      0.0,
      0.0,
      -0.031153871909199438,
      0.0061072998070309205,
      4.264074086933346,
      -0.151313471631229,
      -0.01525601641572619,
      -0.02178182073646565,
      0.17893757227154328,
      0.0,
      -0.00854856372853892,
      -0.049729059254114326,
      -1.0555464232078138,
      0.028873657934408888,
      -0.006212162847808164,
      0.0
    ]
  }
}