{
  "model": "PedigreeGNN",
  "node_feat_dim": 7,
  "hidden_dim": 32,
  "n_rounds": 2,
  "families": {
    "Extended__Base__0.02": {
      "split": "TRAIN",
      "ratio2": 0.029988673612708756,
      "L": -0.13322107432058897,
      "V_root": -0.13064950160463917,
      "V_stop_root": -0.21640096728
    },
    "Extended__Aggressive__0.02": {
      "split": "TRAIN",
      "ratio2": 0.036675317513028056,
      "L": -0.14048980456930005,
      "V_root": -0.13372429829159732,
      "V_stop_root": -0.31819458339
    },
    "Extended__Base__0.08": {
      "split": "TRAIN",
      "ratio2": 0.026968405205864958,
      "L": -0.14517351165353745,
      "V_root": -0.14209271042788435,
      "V_stop_root": -0.25633013759999995
    },
    "Extended__Aggressive__0.08": {
      "split": "TRAIN",
      "ratio2": 0.036482206596640004,
      "L": -0.1572204410418251,
      "V_root": -0.14878384723202298,
      "V_stop_root": -0.38003613695999994
    },
    "ThreeGeneration__Base__0.02": {
      "split": "TRAIN",
      "ratio2": 0.0014251988961960637,
      "L": -0.10924241160634612,
      "V_root": -0.10915810573616076,
      "V_stop_root": -0.16831186344
    },
    "ThreeGeneration__Aggressive__0.02": {
      "split": "TRAIN",
      "ratio2": 0.011128518507822436,
      "L": -0.11290041473678417,
      "V_root": -0.11138583628040535,
      "V_stop_root": -0.24748467596999996
    },
    "ThreeGeneration__Base__0.08": {
      "split": "TEST",
      "ratio2": 0.041501741087106206,
      "L": -0.12106714863352847,
      "V_root": -0.11767682752538546,
      "V_stop_root": -0.19936788479999984
    },
    "ThreeGeneration__Aggressive__0.08": {
      "split": "TEST",
      "ratio2": 0.023564293681834613,
      "L": -0.12680773428898331,
      "V_root": -0.12273466987403277,
      "V_stop_root": -0.2955836620799997
    }
  },
  "train_loss_final": 1.527204322134166e-05
}